date,source,item,metric,value
2026-06-01,github,arivera-demo/fastgrad,contributors,28
2026-06-01,github,arivera-demo/fastgrad,forks,140
2026-06-01,github,arivera-demo/fastgrad,open_issues,22
2026-06-01,github,arivera-demo/fastgrad,releases,9
2026-06-01,github,arivera-demo/fastgrad,stars,1210
2026-06-01,github,arivera-demo/fastgrad,watchers,31
2026-06-01,github,arivera-demo/tinyserve,contributors,1
2026-06-01,github,arivera-demo/tinyserve,forks,1
2026-06-01,github,arivera-demo/tinyserve,open_issues,1
2026-06-01,github,arivera-demo/tinyserve,releases,0
2026-06-01,github,arivera-demo/tinyserve,stars,20
2026-06-01,github,arivera-demo/tinyserve,watchers,2
2026-06-01,huggingface,arivera-demo/tiny-vlm,downloads,8000
2026-06-01,huggingface,arivera-demo/tiny-vlm,downloads_all_time,41000
2026-06-01,huggingface,arivera-demo/tiny-vlm,likes,120
2026-06-01,huggingface,datasets/arivera-demo/robo-grasp-10k,downloads,900
2026-06-01,huggingface,datasets/arivera-demo/robo-grasp-10k,downloads_all_time,3100
2026-06-01,huggingface,datasets/arivera-demo/robo-grasp-10k,likes,12
2026-06-15,github,arivera-demo/fastgrad,contributors,29
2026-06-15,github,arivera-demo/fastgrad,forks,144
2026-06-15,github,arivera-demo/fastgrad,open_issues,22
2026-06-15,github,arivera-demo/fastgrad,releases,9
2026-06-15,github,arivera-demo/fastgrad,stars,1246
2026-06-15,github,arivera-demo/fastgrad,watchers,32
2026-06-15,github,arivera-demo/tinyserve,contributors,1
2026-06-15,github,arivera-demo/tinyserve,forks,1
2026-06-15,github,arivera-demo/tinyserve,open_issues,1
2026-06-15,github,arivera-demo/tinyserve,releases,0
2026-06-15,github,arivera-demo/tinyserve,stars,21
2026-06-15,github,arivera-demo/tinyserve,watchers,2
2026-06-15,huggingface,arivera-demo/tiny-vlm,downloads,8425
2026-06-15,huggingface,arivera-demo/tiny-vlm,downloads_all_time,45426
2026-06-15,huggingface,arivera-demo/tiny-vlm,likes,126
2026-06-15,huggingface,datasets/arivera-demo/robo-grasp-10k,downloads,980
2026-06-15,huggingface,datasets/arivera-demo/robo-grasp-10k,downloads_all_time,3772
2026-06-15,huggingface,datasets/arivera-demo/robo-grasp-10k,likes,13
2026-06-29,github,arivera-demo/fastgrad,contributors,29
2026-06-29,github,arivera-demo/fastgrad,forks,150
2026-06-29,github,arivera-demo/fastgrad,open_issues,21
2026-06-29,github,arivera-demo/fastgrad,releases,9
2026-06-29,github,arivera-demo/fastgrad,stars,1299
2026-06-29,github,arivera-demo/fastgrad,watchers,33
2026-06-29,github,arivera-demo/tinyserve,contributors,1
2026-06-29,github,arivera-demo/tinyserve,forks,1
2026-06-29,github,arivera-demo/tinyserve,open_issues,1
2026-06-29,github,arivera-demo/tinyserve,releases,0
2026-06-29,github,arivera-demo/tinyserve,stars,24
2026-06-29,github,arivera-demo/tinyserve,watchers,2
2026-06-29,huggingface,arivera-demo/tiny-vlm,downloads,9047
2026-06-29,huggingface,arivera-demo/tiny-vlm,downloads_all_time,51897
2026-06-29,huggingface,arivera-demo/tiny-vlm,likes,136
2026-06-29,huggingface,datasets/arivera-demo/robo-grasp-10k,downloads,1098
2026-06-29,huggingface,datasets/arivera-demo/robo-grasp-10k,downloads_all_time,4756
2026-06-29,huggingface,datasets/arivera-demo/robo-grasp-10k,likes,15
2026-07-13,github,arivera-demo/fastgrad,contributors,30
2026-07-13,github,arivera-demo/fastgrad,forks,157
2026-07-13,github,arivera-demo/fastgrad,open_issues,21
2026-07-13,github,arivera-demo/fastgrad,releases,10
2026-07-13,github,arivera-demo/fastgrad,stars,1361
2026-07-13,github,arivera-demo/fastgrad,watchers,34
2026-07-13,github,arivera-demo/tinyserve,contributors,1
2026-07-13,github,arivera-demo/tinyserve,forks,1
2026-07-13,github,arivera-demo/tinyserve,open_issues,1
2026-07-13,github,arivera-demo/tinyserve,releases,0
2026-07-13,github,arivera-demo/tinyserve,stars,26
2026-07-13,github,arivera-demo/tinyserve,watchers,2
2026-07-13,huggingface,arivera-demo/tiny-vlm,downloads,9774
2026-07-13,huggingface,arivera-demo/tiny-vlm,downloads_all_time,59460
2026-07-13,huggingface,arivera-demo/tiny-vlm,likes,147
2026-07-13,huggingface,datasets/arivera-demo/robo-grasp-10k,downloads,1236
2026-07-13,huggingface,datasets/arivera-demo/robo-grasp-10k,downloads_all_time,5905
2026-07-13,huggingface,datasets/arivera-demo/robo-grasp-10k,likes,17
2026-07-27,github,arivera-demo/fastgrad,contributors,31
2026-07-27,github,arivera-demo/fastgrad,forks,165
2026-07-27,github,arivera-demo/fastgrad,open_issues,20
2026-07-27,github,arivera-demo/fastgrad,releases,10
2026-07-27,github,arivera-demo/fastgrad,stars,1430
2026-07-27,github,arivera-demo/fastgrad,watchers,36
2026-07-27,github,arivera-demo/tinyserve,contributors,1
2026-07-27,github,arivera-demo/tinyserve,forks,2
2026-07-27,github,arivera-demo/tinyserve,open_issues,1
2026-07-27,github,arivera-demo/tinyserve,releases,0
2026-07-27,github,arivera-demo/tinyserve,stars,29
2026-07-27,github,arivera-demo/tinyserve,watchers,3
2026-07-27,huggingface,arivera-demo/tiny-vlm,downloads,10579
2026-07-27,huggingface,arivera-demo/tiny-vlm,downloads_all_time,67832
2026-07-27,huggingface,arivera-demo/tiny-vlm,likes,159
2026-07-27,huggingface,datasets/arivera-demo/robo-grasp-10k,downloads,1388
2026-07-27,huggingface,datasets/arivera-demo/robo-grasp-10k,downloads_all_time,7177
2026-07-27,huggingface,datasets/arivera-demo/robo-grasp-10k,likes,19
2026-08-10,github,arivera-demo/fastgrad,contributors,32
2026-08-10,github,arivera-demo/fastgrad,forks,174
2026-08-10,github,arivera-demo/fastgrad,open_issues,20
2026-08-10,github,arivera-demo/fastgrad,releases,10
2026-08-10,github,arivera-demo/fastgrad,stars,1503
2026-08-10,github,arivera-demo/fastgrad,watchers,37
2026-08-10,github,arivera-demo/tinyserve,contributors,1
2026-08-10,github,arivera-demo/tinyserve,forks,2
2026-08-10,github,arivera-demo/tinyserve,open_issues,1
2026-08-10,github,arivera-demo/tinyserve,releases,0
2026-08-10,github,arivera-demo/tinyserve,stars,32
2026-08-10,github,arivera-demo/tinyserve,watchers,3
2026-08-10,huggingface,arivera-demo/tiny-vlm,downloads,11446
2026-08-10,huggingface,arivera-demo/tiny-vlm,downloads_all_time,76862
2026-08-10,huggingface,arivera-demo/tiny-vlm,likes,173
2026-08-10,huggingface,datasets/arivera-demo/robo-grasp-10k,downloads,1552
2026-08-10,huggingface,datasets/arivera-demo/robo-grasp-10k,downloads_all_time,8549
2026-08-10,huggingface,datasets/arivera-demo/robo-grasp-10k,likes,21
2026-08-24,github,arivera-demo/fastgrad,contributors,33
2026-08-24,github,arivera-demo/fastgrad,forks,183
2026-08-24,github,arivera-demo/fastgrad,open_issues,19
2026-08-24,github,arivera-demo/fastgrad,releases,11
2026-08-24,github,arivera-demo/fastgrad,stars,1582
2026-08-24,github,arivera-demo/fastgrad,watchers,39
2026-08-24,github,arivera-demo/tinyserve,contributors,2
2026-08-24,github,arivera-demo/tinyserve,forks,2
2026-08-24,github,arivera-demo/tinyserve,open_issues,2
2026-08-24,github,arivera-demo/tinyserve,releases,1
2026-08-24,github,arivera-demo/tinyserve,stars,35
2026-08-24,github,arivera-demo/tinyserve,watchers,3
2026-08-24,huggingface,arivera-demo/tiny-vlm,downloads,12368
2026-08-24,huggingface,arivera-demo/tiny-vlm,downloads_all_time,86454
2026-08-24,huggingface,arivera-demo/tiny-vlm,likes,187
2026-08-24,huggingface,datasets/arivera-demo/robo-grasp-10k,downloads,1726
2026-08-24,huggingface,datasets/arivera-demo/robo-grasp-10k,downloads_all_time,10007
2026-08-24,huggingface,datasets/arivera-demo/robo-grasp-10k,likes,23
2026-09-07,github,arivera-demo/fastgrad,contributors,34
2026-09-07,github,arivera-demo/fastgrad,forks,192
2026-09-07,github,arivera-demo/fastgrad,open_issues,18
2026-09-07,github,arivera-demo/fastgrad,releases,11
2026-09-07,github,arivera-demo/fastgrad,stars,1664
2026-09-07,github,arivera-demo/fastgrad,watchers,40
2026-09-07,github,arivera-demo/tinyserve,contributors,2
2026-09-07,github,arivera-demo/tinyserve,forks,2
2026-09-07,github,arivera-demo/tinyserve,open_issues,2
2026-09-07,github,arivera-demo/tinyserve,releases,1
2026-09-07,github,arivera-demo/tinyserve,stars,39
2026-09-07,github,arivera-demo/tinyserve,watchers,3
2026-09-07,huggingface,arivera-demo/tiny-vlm,downloads,13338
2026-09-07,huggingface,arivera-demo/tiny-vlm,downloads_all_time,96540
2026-09-07,huggingface,arivera-demo/tiny-vlm,likes,202
2026-09-07,huggingface,datasets/arivera-demo/robo-grasp-10k,downloads,1910
2026-09-07,huggingface,datasets/arivera-demo/robo-grasp-10k,downloads_all_time,11539
2026-09-07,huggingface,datasets/arivera-demo/robo-grasp-10k,likes,26
2026-09-07,huggingface,papers/2509.04321,upvotes,18
2026-09-21,github,arivera-demo/fastgrad,contributors,36
2026-09-21,github,arivera-demo/fastgrad,forks,202
2026-09-21,github,arivera-demo/fastgrad,open_issues,18
2026-09-21,github,arivera-demo/fastgrad,releases,12
2026-09-21,github,arivera-demo/fastgrad,stars,1751
2026-09-21,github,arivera-demo/fastgrad,watchers,42
2026-09-21,github,arivera-demo/tinyserve,contributors,2
2026-09-21,github,arivera-demo/tinyserve,forks,3
2026-09-21,github,arivera-demo/tinyserve,open_issues,2
2026-09-21,github,arivera-demo/tinyserve,releases,1
2026-09-21,github,arivera-demo/tinyserve,stars,42
2026-09-21,github,arivera-demo/tinyserve,watchers,4
2026-09-21,huggingface,arivera-demo/tiny-vlm,downloads,14349
2026-09-21,huggingface,arivera-demo/tiny-vlm,downloads_all_time,107068
2026-09-21,huggingface,arivera-demo/tiny-vlm,likes,217
2026-09-21,huggingface,datasets/arivera-demo/robo-grasp-10k,downloads,2101
2026-09-21,huggingface,datasets/arivera-demo/robo-grasp-10k,downloads_all_time,13139
2026-09-21,huggingface,datasets/arivera-demo/robo-grasp-10k,likes,28
2026-09-21,huggingface,papers/2509.04321,upvotes,31
2026-09-22,github,arivera-demo/fastgrad,clones,23
2026-09-22,github,arivera-demo/fastgrad,clones_unique,10
2026-09-22,github,arivera-demo/fastgrad,views,212
2026-09-22,github,arivera-demo/fastgrad,views_unique,70
2026-09-23,github,arivera-demo/fastgrad,clones,26
2026-09-23,github,arivera-demo/fastgrad,clones_unique,12
2026-09-23,github,arivera-demo/fastgrad,views,240
2026-09-23,github,arivera-demo/fastgrad,views_unique,80
2026-09-24,github,arivera-demo/fastgrad,clones,22
2026-09-24,github,arivera-demo/fastgrad,clones_unique,9
2026-09-24,github,arivera-demo/fastgrad,views,198
2026-09-24,github,arivera-demo/fastgrad,views_unique,66
2026-09-25,github,arivera-demo/fastgrad,clones,17
2026-09-25,github,arivera-demo/fastgrad,clones_unique,8
2026-09-25,github,arivera-demo/fastgrad,views,160
2026-09-25,github,arivera-demo/fastgrad,views_unique,53
2026-09-26,github,arivera-demo/fastgrad,clones,10
2026-09-26,github,arivera-demo/fastgrad,clones_unique,4
2026-09-26,github,arivera-demo/fastgrad,views,95
2026-09-26,github,arivera-demo/fastgrad,views_unique,31
2026-09-27,github,arivera-demo/fastgrad,clones,9
2026-09-27,github,arivera-demo/fastgrad,clones_unique,4
2026-09-27,github,arivera-demo/fastgrad,views,88
2026-09-27,github,arivera-demo/fastgrad,views_unique,29
2026-09-28,github,arivera-demo/fastgrad,clones,25
2026-09-28,github,arivera-demo/fastgrad,clones_unique,11
2026-09-28,github,arivera-demo/fastgrad,views,230
2026-09-28,github,arivera-demo/fastgrad,views_unique,76
2026-09-29,github,arivera-demo/fastgrad,clones,27
2026-09-29,github,arivera-demo/fastgrad,clones_unique,12
2026-09-29,github,arivera-demo/fastgrad,views,251
2026-09-29,github,arivera-demo/fastgrad,views_unique,83
2026-09-30,github,arivera-demo/fastgrad,clones,29
2026-09-30,github,arivera-demo/fastgrad,clones_unique,13
2026-09-30,github,arivera-demo/fastgrad,views,263
2026-09-30,github,arivera-demo/fastgrad,views_unique,87
2026-10-01,github,arivera-demo/fastgrad,clones,24
2026-10-01,github,arivera-demo/fastgrad,clones_unique,10
2026-10-01,github,arivera-demo/fastgrad,views,219
2026-10-01,github,arivera-demo/fastgrad,views_unique,73
2026-10-02,github,arivera-demo/fastgrad,clones,20
2026-10-02,github,arivera-demo/fastgrad,clones_unique,9
2026-10-02,github,arivera-demo/fastgrad,views,180
2026-10-02,github,arivera-demo/fastgrad,views_unique,60
2026-10-03,github,arivera-demo/fastgrad,clones,11
2026-10-03,github,arivera-demo/fastgrad,clones_unique,5
2026-10-03,github,arivera-demo/fastgrad,views,101
2026-10-03,github,arivera-demo/fastgrad,views_unique,33
2026-10-04,github,arivera-demo/fastgrad,clones,10
2026-10-04,github,arivera-demo/fastgrad,clones_unique,4
2026-10-04,github,arivera-demo/fastgrad,views,92
2026-10-04,github,arivera-demo/fastgrad,views_unique,30
2026-10-05,github,arivera-demo/fastgrad,clones,27
2026-10-05,github,arivera-demo/fastgrad,clones_unique,12
2026-10-05,github,arivera-demo/fastgrad,contributors,37
2026-10-05,github,arivera-demo/fastgrad,forks,212
2026-10-05,github,arivera-demo/fastgrad,open_issues,17
2026-10-05,github,arivera-demo/fastgrad,releases,12
2026-10-05,github,arivera-demo/fastgrad,stars,1840
2026-10-05,github,arivera-demo/fastgrad,views,245
2026-10-05,github,arivera-demo/fastgrad,views_unique,81
2026-10-05,github,arivera-demo/fastgrad,watchers,44
2026-10-05,github,arivera-demo/tinyserve,contributors,2
2026-10-05,github,arivera-demo/tinyserve,forks,3
2026-10-05,github,arivera-demo/tinyserve,open_issues,2
2026-10-05,github,arivera-demo/tinyserve,releases,1
2026-10-05,github,arivera-demo/tinyserve,stars,46
2026-10-05,github,arivera-demo/tinyserve,watchers,4
2026-10-05,huggingface,arivera-demo/tiny-vlm,downloads,15400
2026-10-05,huggingface,arivera-demo/tiny-vlm,downloads_all_time,118000
2026-10-05,huggingface,arivera-demo/tiny-vlm,likes,233
2026-10-05,huggingface,datasets/arivera-demo/robo-grasp-10k,downloads,2300
2026-10-05,huggingface,datasets/arivera-demo/robo-grasp-10k,downloads_all_time,14800
2026-10-05,huggingface,datasets/arivera-demo/robo-grasp-10k,likes,31
2026-10-05,huggingface,papers/2509.04321,upvotes,42
